timestamp,rps,p95,http_5xx_rate,cpu,cpu_sat,cpu_pct,experiment_id,action_label
1763815587,50.575436072648806,0.004818530207394,0.0,0.038353488823369,0.12784496274456336,12.784496274456336,exp0_v2,no_action
1763815592,50.575436072648806,0.004818530207394,0.0,0.0383343541557607,0.12778118051920234,12.778118051920234,exp0_v2,no_action
1763815597,50.92456374623724,0.0047818791946308,0.0,0.0385002456724802,0.12833415224160066,12.833415224160067,exp0_v2,no_action
1763815602,50.92456374623724,0.0047818791946308,0.0,0.0381618340533363,0.12720611351112102,12.720611351112101,exp0_v2,no_action
1763815607,50.92456374623724,0.0047818791946308,0.0,0.0348254623775674,0.11608487459189135,11.608487459189135,exp0_v2,no_action
1763815612,50.92456374623724,0.0047969030520646,0.0,0.0350026051565881,0.11667535052196035,11.667535052196035,exp0_v2,no_action
1763815617,50.92456374623724,0.0047969030520646,0.0,0.0380561549637902,0.12685384987930068,12.685384987930068,exp0_v2,no_action
1763815622,50.92456374623724,0.0047969030520646,0.0,0.0342280666655596,0.11409355555186534,11.409355555186535,exp0_v2,no_action
1763815627,50.92571635507673,0.0048055305755395,0.0,0.0379881461525168,0.12662715384172266,12.662715384172266,exp0_v2,no_action
1763815632,50.92571635507673,0.0048055305755395,0.0,0.0377759817454358,0.12591993915145266,12.591993915145267,exp0_v2,no_action
1763815637,50.92571635507673,0.0048055305755395,0.0,0.0376014171942987,0.125338057314329,12.533805731432901,exp0_v2,no_action
1763815642,50.61867266591676,0.0047861621137483,0.0,0.037109867586836,0.12369955862278667,12.369955862278667,exp0_v2,no_action
1763815647,50.61867266591676,0.0047861621137483,0.0,0.0368169880524885,0.12272329350829501,12.272329350829501,exp0_v2,no_action
1763815652,50.61867266591676,0.0047861621137483,0.0,0.0365631220935425,0.12187707364514166,12.187707364514166,exp0_v2,no_action
1763815657,45.55578052237295,0.004890061006609,0.0,0.0307675047369916,0.10255834912330535,10.255834912330535,exp0_v2,no_action
1763815662,45.55578052237295,0.004890061006609,0.0,0.0303691750789677,0.101230583596559,10.1230583596559,exp0_v2,no_action
1763815667,45.55578052237295,0.004890061006609,0.0,0.0263684010053022,0.087894670017674,8.789467001767399,exp0_v2,no_action
1763815672,30.75591196974529,0.0049670797831138,0.0,0.0250505992985152,0.08350199766171733,8.350199766171732,exp0_v2,no_action
1763815677,30.75591196974529,0.0049670797831138,0.0,0.0188013998488655,0.06267133282955166,6.267133282955166,exp0_v2,no_action
1763815682,30.75591196974529,0.0049670797831138,0.0,0.0188013998488655,0.06267133282955166,6.267133282955166,exp0_v2,no_action
1763815687,15.18867712247699,0.0110546874999999,0.0,0.015252748105694,0.05084249368564667,5.084249368564667,exp0_v2,no_action
1763815692,15.18867712247699,0.0110546874999999,0.0,0.009798591490678,0.03266197163559334,3.266197163559334,exp0_v2,no_action
1763815697,12.736690158784068,0.0156249999999999,0.0,0.0069381166192454,0.023127055397484667,2.3127055397484666,exp0_v2,no_action
1763815702,5.127153404429861,0.01975,0.0,0.0069381166192454,0.023127055397484667,2.3127055397484666,exp0_v2,no_action
1763815707,5.127153404429861,0.01975,0.0,0.0047899346413487,0.015966448804495666,1.5966448804495665,exp0_v2,no_action
1763815712,5.094762584063582,0.0174999999999999,0.0,0.0045954942372358,0.015318314124119334,1.5318314124119334,exp0_v2,no_action
1763815717,5.0627784528149045,0.0197499999999999,0.0,0.0048159885391839,0.016053295130613,1.6053295130613001,exp0_v2,no_action
1763815722,5.0627784528149045,0.0197499999999999,0.0,0.0048704221178043,0.016234740392681003,1.6234740392681004,exp0_v2,no_action
1763815727,5.094416519494634,0.0159999999999999,0.0,0.0048704221178043,0.016234740392681003,1.6234740392681004,exp0_v2,no_action
1763815732,5.126452494873547,0.01975,0.0,0.0046432704898632,0.015477568299544001,1.5477568299544002,exp0_v2,no_action
1763815737,5.126452494873547,0.01975,0.0,0.0044299829011618,0.014766609670539336,1.4766609670539337,exp0_v2,no_action
1763815742,6.3676962523985,0.0223883928571428,0.0,0.0050702613728718,0.016900871242906,1.6900871242906,exp0_v2,no_action
1763815747,6.749611897315903,0.0209090909090909,0.0,0.005575981487473,0.018586604958243335,1.8586604958243336,exp0_v2,no_action
1763815752,6.749611897315903,0.0209090909090909,0.0,0.0052665930597528,0.017555310199176,1.7555310199176,exp0_v2,no_action
1763815757,8.543308880484805,0.0192378048780487,0.0,0.0059404272143022,0.019801424047674,1.9801424047674,exp0_v2,no_action
1763815762,8.543308880484805,0.0192378048780487,0.0,0.0062528261954067,0.020842753984689,2.0842753984689,exp0_v2,no_action
1763815767,8.543308880484805,0.0192378048780487,0.0,0.0068607741576452,0.022869247192150666,2.2869247192150666,exp0_v2,no_action
1763815772,10.124190064794815,0.0178658536585365,0.0,0.0070378361440905,0.023459453813635,2.3459453813635003,exp0_v2,no_action
1763815777,10.124190064794815,0.0178658536585365,0.0,0.0070378361440905,0.023459453813635,2.3459453813635003,exp0_v2,no_action
1763815782,10.124190064794815,0.0178658536585365,0.0,0.0070561277646787,0.023520425882262334,2.3520425882262335,exp0_v2,no_action
1763815787,10.252904989747098,0.0047499999999999,0.0,0.0075766443432448,0.025255481144149335,2.5255481144149337,exp0_v2,no_action
1763815792,10.252904989747098,0.0047499999999999,0.0,0.0075766443432448,0.025255481144149335,2.5255481144149337,exp0_v2,no_action
1763815797,10.252904989747098,0.0047499999999999,0.0,0.0077104103066944,0.025701367688981333,2.5701367688981334,exp0_v2,no_action
1763815802,12.937629376293762,0.0068749999999999,0.0,0.008320172377132,0.027733907923773334,2.7733907923773335,exp0_v2,no_action
1763815807,12.937629376293762,0.0068749999999999,0.0,0.0082970079692537,0.02765669323084567,2.765669323084567,exp0_v2,no_action
1763815812,12.937629376293762,0.0068749999999999,0.0,0.0075221577513888,0.025073859171296002,2.5073859171296,exp0_v2,no_action
1763815817,16.51744013851867,0.0082421874999999,0.0,0.008758666647944,0.02919555549314667,2.919555549314667,exp0_v2,no_action
1763815822,16.51744013851867,0.0082421874999999,0.0,0.0109396791664078,0.036465597221359336,3.6465597221359336,exp0_v2,no_action
1763815827,16.51744013851867,0.0082421874999999,0.0,0.0115828748836223,0.03860958294540767,3.860958294540767,exp0_v2,no_action
1763815832,19.684596522013003,0.0081793478260869,0.0,0.0132069797346264,0.044023265782088004,4.4023265782088,exp0_v2,no_action
1763815837,19.684596522013003,0.0081793478260869,0.0,0.0136549628274279,0.045516542758093005,4.551654275809301,exp0_v2,no_action
1763815842,19.684596522013003,0.0081793478260869,0.0,0.0144437457250424,0.04814581908347467,4.814581908347467,exp0_v2,no_action
1763815847,20.247469066366705,0.0049825174825174,0.0,0.0150209377988054,0.050069792662684666,5.006979266268466,exp0_v2,no_action
1763815852,20.247469066366705,0.0049825174825174,0.0,0.0151470641150519,0.05049021371683967,5.049021371683967,exp0_v2,no_action
1763815857,20.247469066366705,0.0049825174825174,0.0,0.0143601665961391,0.04786722198713034,4.786722198713034,exp0_v2,no_action
1763815862,24.18610929871532,0.0049768518518518,0.0,0.0155734996667597,0.05191166555586567,5.191166555586567,exp0_v2,no_action
1763815867,24.18610929871532,0.0049768518518518,0.0,0.0157176142144344,0.052392047381447995,5.2392047381447995,exp0_v2,no_action
1763815872,24.18610929871532,0.0049768518518518,0.0,0.0195757524965255,0.06525250832175167,6.525250832175167,exp0_v2,no_action
1763815877,30.936417225397108,0.0048923220973782,0.0,0.0199794148041391,0.06659804934713033,6.6598049347130335,exp0_v2,no_action
1763815882,30.936417225397108,0.0048923220973782,0.0,0.0207053115532715,0.06901770517757166,6.901770517757166,exp0_v2,no_action
1763815887,30.936417225397115,0.0048923220973782,0.0,0.0237762381158613,0.079254127052871,7.9254127052871,exp0_v2,no_action
1763815892,38.16011299949879,0.0049082356570018,0.0,0.0237762381158613,0.079254127052871,7.9254127052871,exp0_v2,no_action
1763815897,38.16011299949879,0.0049082356570018,0.0,0.0257432699567749,0.08581089985591635,8.581089985591635,exp0_v2,no_action
1763815902,38.16011299949879,0.0049082356570018,0.0,0.027013527783435,0.09004509261145001,9.004509261145001,exp0_v2,no_action
1763815907,40.49676025917926,0.0048114800225098,0.0,0.027013527783435,0.09004509261145001,9.004509261145001,exp0_v2,no_action
1763815912,40.49676025917926,0.0048114800225098,0.0,0.0249184028461476,0.083061342820492,8.3061342820492,exp0_v2,no_action
1763815917,40.49676025917926,0.0048114800225098,0.0,0.0253330830505871,0.08444361016862367,8.444361016862366,exp0_v2,no_action
1763815922,44.9886104783599,0.0049039466806063,0.0,0.0304586510315797,0.10152883677193233,10.152883677193234,exp0_v2,no_action
1763815927,44.9886104783599,0.0049039466806063,0.0,0.0304586510315797,0.10152883677193233,10.152883677193234,exp0_v2,no_action
1763815932,44.9886104783599,0.0049039466806063,0.0,0.0333797495126308,0.11126583170876933,11.126583170876932,exp0_v2,no_action
1763815937,51.17879960406732,0.0049186390532544,0.0,0.0307920012151107,0.10264000405036901,10.264000405036901,exp0_v2,no_action
1763815942,51.17879960406732,0.0049186390532544,0.0,0.0371048788843434,0.123682929614478,12.3682929614478,exp0_v2,no_action
1763815947,51.17879960406732,0.0049186390532544,0.0,0.0411878355979903,0.13729278532663436,13.729278532663436,exp0_v2,no_action
1763815952,58.125227852716,0.0048998180347755,0.0,0.0411878355979903,0.13729278532663436,13.729278532663436,exp0_v2,no_action
1763815957,58.125227852716,0.0048998180347755,0.0,0.0379626611126591,0.12654220370886368,12.654220370886367,exp0_v2,no_action
1763815962,58.125227852716,0.0048998180347755,0.0,0.0417974255452366,0.13932475181745532,13.932475181745533,exp0_v2,no_action
1763815967,60.19758309516845,0.0048349505327245,0.0,0.0425143299333239,0.14171443311107967,14.171443311107968,exp0_v2,no_action
1763815972,60.19758309516845,0.0048349505327245,0.0,0.0472714759897466,0.15757158663248866,15.757158663248866,exp0_v2,no_action
1763815977,65.05279598003598,0.0048694489031567,0.0,0.0472714759897466,0.15757158663248866,15.757158663248866,exp0_v2,no_action
1763815982,66.77902792329067,0.0048559972105997,0.0,0.0433321151119173,0.144440383706391,14.4440383706391,exp0_v2,no_action
1763815987,66.77902792329067,0.0048559972105997,0.0,0.047080132796948,0.15693377598982666,15.693377598982666,exp0_v2,no_action
1763815992,72.573252300275,0.004864937709631,0.0,0.0579638373371696,0.1932127911238987,19.32127911238987,exp0_v2,no_action
1763815997,76.43355070834271,0.0048925,0.0,0.0579638373371696,0.1932127911238987,19.32127911238987,exp0_v2,no_action
1763816002,76.43355070834271,0.0048925,0.0,0.0654307850038481,0.21810261667949365,21.810261667949366,exp0_v2,no_action
1763816007,80.63502844044487,0.0048521725102172,0.0,0.0658121462199032,0.21937382073301065,21.937382073301066,exp0_v2,no_action
1763816012,87.71130450631065,0.0048572377158034,0.0,0.0667630311884791,0.2225434372949303,22.25434372949303,exp0_v2,no_action
1763816017,87.71130450631065,0.0048572377158034,0.0,0.0713733720930056,0.23791124031001865,23.791124031001864,exp0_v2,no_action
1763816022,88.29272433992699,0.0048814229249011,0.0,0.0736204116893283,0.24540137229776102,24.5401372297761,exp0_v2,no_action
1763816027,91.00526718588212,0.0048618354430379,0.0,0.0729413020366992,0.243137673455664,24.3137673455664,exp0_v2,no_action
1763816032,91.00526718588212,0.0048618354430379,0.0,0.0650275380223587,0.21675846007452898,21.675846007452897,exp0_v2,no_action
1763816037,96.79016791968668,0.0048411945958757,0.0,0.0716497641763682,0.23883254725456068,23.88325472545607,exp0_v2,no_action
1763816042,96.79016791968668,0.0048411945958757,0.0,0.0716497641763682,0.23883254725456068,23.88325472545607,exp0_v2,no_action
1763816047,96.79016791968668,0.0048411945958757,0.0,0.0756627615393433,0.25220920513114437,25.220920513114436,exp0_v2,no_action
1763816052,106.3327032136106,0.0048632177681473,0.0,0.0718168391784121,0.23938946392804034,23.938946392804034,exp0_v2,no_action
1763816057,106.3327032136106,0.0048632177681473,0.0,0.0770624401811401,0.25687480060380036,25.687480060380036,exp0_v2,no_action
1763816062,106.3327032136106,0.0048632177681473,0.0,0.0726122967450021,0.242040989150007,24.2040989150007,exp0_v2,no_action
1763816067,116.4622482277484,0.0048104207436399,0.0,0.0818849465572024,0.27294982185734135,27.294982185734135,exp0_v2,no_action
1763816072,116.4622482277484,0.0048104207436399,0.0,0.0786980527242138,0.262326842414046,26.232684241404602,exp0_v2,no_action
1763816077,116.4622482277484,0.0048104207436399,0.0,0.0896393434926486,0.298797811642162,29.8797811642162,exp0_v2,no_action
1763816082,122.43410110951632,0.0048000188040616,0.0,0.0896393434926486,0.298797811642162,29.8797811642162,exp0_v2,no_action
1763816087,122.43410110951632,0.0048000188040616,0.0,0.0908525321728335,0.302841773909445,30.2841773909445,exp0_v2,no_action
1763816092,122.43410110951632,0.0048000188040616,0.0,0.0908525321728335,0.302841773909445,30.2841773909445,exp0_v2,no_action
1763816097,126.52391020738676,0.0048228790613718,0.0,0.0916250296416152,0.3054167654720507,30.54167654720507,exp0_v2,no_action
1763816102,126.52391020738676,0.0048228790613718,0.0,0.0786801464793187,0.26226715493106234,26.226715493106234,exp0_v2,no_action
1763816107,126.52391020738676,0.0048228790613718,0.0,0.0887668997654935,0.29588966588497834,29.588966588497833,exp0_v2,no_action
1763816112,138.38584022415088,0.0048117808904452,0.0,0.0967005489720835,0.32233516324027833,32.23351632402783,exp0_v2,no_action
1763816117,138.38584022415088,0.0048117808904452,0.0,0.0967005489720835,0.32233516324027833,32.23351632402783,exp0_v2,no_action
1763816122,138.38584022415088,0.0048117808904452,0.0,0.0966284360700121,0.32209478690004034,32.20947869000403,exp0_v2,no_action
1763816127,146.28383699736727,0.0047964818266542,0.0,0.0966434821673258,0.32214494055775267,32.21449405577527,exp0_v2,no_action
1763816132,146.28383699736727,0.0047964818266542,0.0,0.0966434821673258,0.32214494055775267,32.21449405577527,exp0_v2,no_action
1763816137,146.2838369973673,0.0047964818266542,0.0,0.099553192757688,0.33184397585895997,33.184397585895994,exp0_v2,no_action
1763816142,153.16464345093038,0.0047556572874795,0.0,0.099553192757688,0.33184397585895997,33.184397585895994,exp0_v2,no_action
1763816147,153.16464345093038,0.0047556572874795,0.0,0.0904301619658345,0.30143387321944837,30.143387321944836,exp0_v2,no_action
1763816152,153.16464345093038,0.0047556572874795,0.0,0.1006725497687761,0.33557516589592035,33.55751658959203,exp0_v2,no_action
1763816157,160.23478612872756,0.0047808659415171,0.0,0.1042486537360962,0.347495512453654,34.7495512453654,exp0_v2,no_action
1763816162,160.23478612872756,0.0047808659415171,0.0,0.1042486537360962,0.347495512453654,34.7495512453654,exp0_v2,no_action
1763816167,160.23478612872756,0.0047808659415171,0.0,0.0996699434443269,0.332233144814423,33.2233144814423,exp0_v2,no_action
1763816172,179.26654374103668,0.0047797406082289,0.0,0.1190103322851801,0.396701107617267,39.670110761726704,exp0_v2,no_action
1763816177,179.26654374103668,0.0047797406082289,0.0,0.1190103322851801,0.396701107617267,39.670110761726704,exp0_v2,no_action
1763816182,179.26654374103668,0.0047797406082289,0.0,0.1266997070778946,0.4223323569263154,42.23323569263154,exp0_v2,no_action
1763816187,193.4192474641837,0.0047901031894934,0.0,0.1282596932209402,0.4275323107364673,42.75323107364673,exp0_v2,no_action
1763816192,193.4192474641837,0.0047901031894934,0.0,0.1296960668306365,0.43232022276878834,43.23202227687884,exp0_v2,no_action
1763816197,193.4192474641837,0.0047901031894934,0.0,0.1368254306975544,0.456084768991848,45.6084768991848,exp0_v2,no_action
1763816202,203.10402111826684,0.0047681644359464,0.0,0.1371923615177663,0.45730787172588766,45.73078717258877,exp0_v2,no_action
1763816207,203.10402111826684,0.0047681644359464,0.0,0.1270358344784137,0.4234527815947124,42.34527815947124,exp0_v2,no_action
1763816212,203.10402111826684,0.0047681644359464,0.0,0.1299791961972214,0.43326398732407134,43.326398732407135,exp0_v2,no_action
1763816217,210.21156051170215,0.0047940954231433,0.0,0.1406770975605454,0.46892365853515133,46.89236585351513,exp0_v2,no_action
1763816222,210.21156051170215,0.0047940954231433,0.0,0.1462568940282784,0.48752298009426137,48.752298009426134,exp0_v2,no_action
1763816227,210.21156051170215,0.0047940954231433,0.0,0.1519003437577965,0.5063344791926551,50.63344791926551,exp0_v2,no_action
1763816232,229.2847226963428,0.0047981000601564,0.0,0.160124532413386,0.5337484413779534,53.37484413779534,exp0_v2,no_action
1763816237,229.2847226963428,0.0047981000601564,0.0,0.160124532413386,0.5337484413779534,53.37484413779534,exp0_v2,no_action
1763816242,229.2847226963428,0.0047981000601564,0.0,0.1637952770837118,0.5459842569457061,54.59842569457061,exp0_v2,no_action
1763816247,243.4663307993343,0.004794289044289,0.0,0.1703068565414675,0.5676895218048916,56.768952180489165,exp0_v2,no_action
1763816252,243.46633079933423,0.004794289044289,0.0,0.1579203418050705,0.526401139350235,52.6401139350235,exp0_v2,no_action
1763816257,243.46633079933423,0.004794289044289,0.0,0.1744685739400127,0.5815619131333757,58.156191313337565,exp0_v2,no_action
1763816262,250.4329442457774,0.0047688441078351,0.0,0.1591596870228529,0.5305322900761764,53.053229007617645,exp0_v2,no_action
1763816267,250.4329442457774,0.0047688441078351,0.0,0.162437072481604,0.5414569082720133,54.145690827201335,exp0_v2,no_action
1763816272,266.08837359316914,0.0047737545681861,0.0,0.1807066678337099,0.6023555594456996,60.23555594456996,exp0_v2,no_action
1763816277,269.4220082345265,0.0047643228076053,0.0,0.1807066678337099,0.6023555594456996,60.23555594456996,exp0_v2,no_action
1763816282,269.4220082345265,0.0047643228076053,0.0,0.1806300697665069,0.602100232555023,60.2100232555023,exp0_v2,no_action
1763816287,288.49712343976046,0.004765561015561,0.0,0.1929240030292723,0.6430800100975743,64.30800100975743,exp0_v2,no_action
1763816292,302.0587242659467,0.0047691833071572,0.0,0.2059320438142289,0.6864401460474296,68.64401460474296,exp0_v2,no_action
1763816297,302.0587242659467,0.0047691833071572,0.0,0.2059320438142289,0.6864401460474296,68.64401460474296,exp0_v2,no_action
1763816302,315.8109209453952,0.0047640873550822,0.0,0.2137127332619511,0.7123757775398369,71.2375777539837,exp0_v2,auto_scale
1763816307,339.21086203754334,0.004767610380856,0.0,0.2204830466919147,0.7349434889730491,73.4943488973049,exp0_v2,auto_scale
1763816312,339.21086203754334,0.004767610380856,0.0,0.2285115921254511,0.7617053070848371,76.17053070848371,exp0_v2,auto_scale
1763816317,340.6852757402879,0.0047637701804368,0.0,0.2307305134496948,0.7691017114989828,76.91017114989828,exp0_v2,auto_scale
1763816322,349.26884139482564,0.0047573543642345,0.0,0.2301398000361739,0.7671326667872463,76.71326667872464,exp0_v2,auto_scale
1763816327,349.26884139482564,0.0047573543642345,0.0,0.2301398000361739,0.7671326667872463,76.71326667872464,exp0_v2,auto_scale
1763816332,381.2300683371298,0.0047736744130186,0.0,0.2158429313725831,0.7194764379086104,71.94764379086104,exp0_v2,auto_scale
1763816337,381.2300683371298,0.0047736744130186,0.0,0.2582992488221911,0.8609974960739702,86.09974960739703,exp0_v2,auto_scale
1763816342,381.2300683371298,0.0047736744130186,0.0,0.2582992488221911,0.8609974960739702,86.09974960739703,exp0_v2,auto_scale
1763816347,441.7197237283179,0.0047713854497083,0.0,0.2768849859287416,0.9229499530958054,92.29499530958054,exp0_v2,auto_scale
1763816352,441.7197237283179,0.0047713854497083,0.0,0.2885405752789966,0.9618019175966555,96.18019175966555,exp0_v2,auto_scale
1763816357,441.7197237283179,0.0047713854497083,0.0,0.3043346883710896,1.0144489612369654,101.44489612369654,exp0_v2,auto_scale
1763816362,512.8333599034366,0.0047724656434053,0.0,0.3035841824789923,1.0119472749299745,101.19472749299744,exp0_v2,auto_scale
1763816367,512.8333599034366,0.0047724656434053,0.0,0.3474643712827357,1.1582145709424525,115.82145709424525,exp0_v2,auto_scale
1763816372,512.8333599034366,0.0047724656434053,0.0,0.3474643712827356,1.158214570942452,115.8214570942452,exp0_v2,auto_scale
1763816377,544.5241683348703,0.0047574676264945,0.0,0.3235553022294805,1.0785176740982683,107.85176740982682,exp0_v2,auto_scale
1763816382,544.5241683348703,0.0047574676264945,0.0,0.3636433612471695,1.212144537490565,121.2144537490565,exp0_v2,auto_scale
1763816387,544.5241683348703,0.0047574676264945,0.0,0.3636433612471695,1.212144537490565,121.2144537490565,exp0_v2,auto_scale
1763816392,587.9030788850429,0.0047703259939313,0.0,0.3897216125404211,1.2990720418014037,129.90720418014035,exp0_v2,auto_scale
1763816397,587.9030788850429,0.0047703259939313,0.0,0.3613901105555854,1.2046337018519513,120.46337018519513,exp0_v2,auto_scale
1763816402,587.9030788850429,0.0047703259939313,0.0,0.4042755505583277,1.3475851685277591,134.7585168527759,exp0_v2,auto_scale
1763816407,645.8393769665053,0.0047676261487775,0.0,0.3819207886288549,1.2730692954295164,127.30692954295164,exp0_v2,auto_scale
1763816412,645.8393769665053,0.0047676261487775,0.0,0.4288000575259455,1.4293335250864851,142.9333525086485,exp0_v2,auto_scale
1763816417,645.8393769665053,0.0047676261487775,0.0,0.4056672092608352,1.3522240308694509,135.2224030869451,exp0_v2,auto_scale
1763816422,718.2880440972143,0.0047821489001692,0.0,0.4521132272195937,1.507044090731979,150.70440907319792,exp0_v2,auto_scale
1763816427,718.2880440972143,0.0047821489001692,0.0,0.4764392622041371,1.5881308740137905,158.81308740137905,exp0_v2,auto_scale
1763816432,718.2880440972143,0.0047821489001692,0.0,0.4807966773241359,1.602655591080453,160.2655591080453,exp0_v2,auto_scale
1763816437,737.6093950370088,0.0047718317195734,0.0,0.4842635366865707,1.6142117889552356,161.42117889552355,exp0_v2,auto_scale
1763816442,737.6093950370088,0.0047718317195734,0.0,0.4515442943043041,1.5051476476810137,150.51476476810137,exp0_v2,auto_scale
1763816447,737.6093950370088,0.0047718317195734,0.0,0.4834789351279893,1.611596450426631,161.1596450426631,exp0_v2,auto_scale
1763816452,746.5322432482087,0.0047783700563223,0.0,0.4893437456633566,1.6311458188778554,163.11458188778553,exp0_v2,auto_scale
1763816457,746.5322432482087,0.0047783700563223,0.0,0.4565597619969569,1.5218658733231898,152.186587332319,exp0_v2,auto_scale
1763816462,746.5322432482087,0.0047783700563223,0.0,0.4910087920104506,1.6366959733681687,163.66959733681688,exp0_v2,auto_scale
1763816467,736.2051512765719,0.0047752418983259,0.0,0.4917914005663079,1.6393046685543597,163.93046685543598,exp0_v2,auto_scale
1763816472,736.2051512765719,0.0047752418983259,0.0,0.4880475670252044,1.6268252234173481,162.68252234173482,exp0_v2,auto_scale
1763816477,736.2051512765719,0.0047752418983259,0.0,0.4852496443793231,1.6174988145977438,161.74988145977437,exp0_v2,auto_scale
1763816482,736.0536260572251,0.0047786232552419,0.0,0.4858238599613718,1.619412866537906,161.9412866537906,exp0_v2,auto_scale
1763816487,736.0536260572251,0.0047786232552419,0.0,0.4504507668627275,1.5015025562090918,150.15025562090918,exp0_v2,auto_scale
1763816492,736.0536260572251,0.0047786232552419,0.0,0.4959344009768747,1.6531146699229158,165.31146699229157,exp0_v2,auto_scale
1763816497,735.9186611481014,0.0047960311091907,0.0,0.4945786452890163,1.648595484296721,164.8595484296721,exp0_v2,auto_scale
1763816502,735.9186611481014,0.0047960311091907,0.0,0.4921580674763348,1.6405268915877826,164.05268915877826,exp0_v2,auto_scale
1763816507,735.9186611481014,0.0047960311091907,0.0,0.4865439856777085,1.6218132855923617,162.18132855923616,exp0_v2,auto_scale
1763816512,736.0311319057045,0.0047933616037008,0.0,0.4508051878932789,1.502683959644263,150.2683959644263,exp0_v2,auto_scale
1763816517,736.0311319057045,0.0047933616037008,0.0,0.490777916125379,1.6359263870845968,163.59263870845967,exp0_v2,auto_scale
1763816522,736.0311319057045,0.0047933616037008,0.0,0.4914440091307905,1.638146697102635,163.8146697102635,exp0_v2,auto_scale
1763816527,745.0690110691022,0.004795443323149,0.0,0.4904395677871306,1.6347985592904355,163.47985592904354,exp0_v2,auto_scale
1763816532,745.0690110691022,0.004795443323149,0.0,0.4458492535411124,1.4861641784703747,148.61641784703747,exp0_v2,auto_scale
1763816537,745.0690110691022,0.004795443323149,0.0,0.4818341098432577,1.6061136994775258,160.6113699477526,exp0_v2,auto_scale
1763816542,735.7195887421541,0.0047755556921941,0.0,0.4469096794300579,1.4896989314335263,148.96989314335264,exp0_v2,auto_scale
1763816547,735.7195887421541,0.0047755556921941,0.0,0.4861144148517335,1.6203813828391118,162.0381382839112,exp0_v2,auto_scale
1763816552,740.8231179326971,0.0047711038213627,0.0,0.488615273687731,1.6287175789591033,162.87175789591032,exp0_v2,auto_scale
1763816557,745.7515148753929,0.004766744834774,0.0,0.4886152736877309,1.628717578959103,162.87175789591032,exp0_v2,auto_scale
1763816562,745.7515148753931,0.004766744834774,0.0,0.4856651632516496,1.6188838775054988,161.88838775054987,exp0_v2,auto_scale
1763816567,741.1331261990866,0.0047661594336152,0.0,0.4841830875269535,1.6139436250898451,161.3943625089845,exp0_v2,auto_scale
1763816572,736.4620126437042,0.0047638250612745,0.0,0.4841830875269535,1.6139436250898451,161.3943625089845,exp0_v2,auto_scale
1763816577,736.4620126437042,0.0047638250612745,0.0,0.440958104345034,1.4698603478167802,146.98603478167803,exp0_v2,auto_scale
1763816582,741.099774205049,0.004763531209079,0.0,0.4845925690777018,1.6153085635923394,161.53085635923395,exp0_v2,auto_scale
1763816587,746.2645772594752,0.0047616264839064,0.0,0.4833696996976473,1.6112323323254911,161.12323323254913,exp0_v2,auto_scale
1763816592,746.2645772594751,0.0047616264839064,0.0,0.4834683440676284,1.6115611468920947,161.15611468920946,exp0_v2,auto_scale
1763816597,741.4606817873151,0.0047615563818311,0.0,0.4828102931343957,1.6093676437813191,160.93676437813193,exp0_v2,auto_scale
1763816602,736.5650657968733,0.0047628000979911,0.0,0.4828102931343958,1.6093676437813194,160.93676437813193,exp0_v2,auto_scale
1763816607,736.5650657968733,0.0047628000979911,0.0,0.483766283681406,1.61255427893802,161.255427893802,exp0_v2,auto_scale
1763816612,745.6569750233373,0.0047600287628897,0.0,0.483766283681406,1.61255427893802,161.255427893802,exp0_v2,auto_scale
1763816617,745.6569750233373,0.0047600287628897,0.0,0.483766283681406,1.61255427893802,161.255427893802,exp0_v2,auto_scale
1763816622,745.6569750233374,0.0047600287628897,0.0,0.483800665464369,1.61266888488123,161.26688848812302,exp0_v2,auto_scale
1763816627,735.6750922011333,0.0047715869311551,0.0,0.483800665464369,1.61266888488123,161.26688848812302,exp0_v2,auto_scale
1763816632,735.6750922011333,0.0047715869311551,0.0,0.483800665464369,1.61266888488123,161.26688848812302,exp0_v2,auto_scale
1763816637,735.6750922011333,0.0047715869311551,0.0,0.4816888757853997,1.6056295859513323,160.56295859513324,exp0_v2,auto_scale
1763816642,746.052001914181,0.0047692289999079,0.0,0.4819786199755123,1.6065953999183744,160.65953999183745,exp0_v2,auto_scale
1763816647,746.052001914181,0.0047692289999079,0.0,0.4837719143017371,1.6125730476724571,161.2573047672457,exp0_v2,auto_scale
1763816652,746.0520019141809,0.0047692289999079,0.0,0.4813891494661292,1.6046304982204307,160.46304982204308,exp0_v2,auto_scale
1763816657,737.2793587896253,0.0047714187116564,0.0,0.4853371262456705,1.6177904208189018,161.77904208189017,exp0_v2,auto_scale
1763816662,737.2793587896253,0.0047714187116564,0.0,0.4847352434879794,1.6157841449599315,161.57841449599314,exp0_v2,auto_scale
1763816667,737.2793587896253,0.0047714187116564,0.0,0.4866685275269947,1.6222284250899823,162.22284250899824,exp0_v2,auto_scale
1763816672,737.791286727457,0.0047868115139773,0.0,0.4868815412339528,1.6229384707798427,162.29384707798425,exp0_v2,auto_scale
1763816677,737.791286727457,0.0047868115139773,0.0,0.4462550897877382,1.4875169659591274,148.75169659591273,exp0_v2,auto_scale
1763816682,737.791286727457,0.0047868115139773,0.0,0.4909708104453419,1.6365693681511397,163.65693681511397,exp0_v2,auto_scale
1763816687,736.6822640151175,0.004792440767785,0.0,0.4931924245391563,1.6439747484638543,164.39747484638542,exp0_v2,auto_scale
1763816692,736.6822640151175,0.004792440767785,0.0,0.4928434721114546,1.6428115737048485,164.28115737048486,exp0_v2,auto_scale
1763816697,736.6822640151175,0.004792440767785,0.0,0.4929366031019727,1.643122010339909,164.3122010339909,exp0_v2,auto_scale
1763816702,736.0808044451442,0.0048096781680334,0.0,0.4910409869308013,1.6368032897693376,163.68032897693377,exp0_v2,auto_scale
1763816707,736.0808044451442,0.0048096781680334,0.0,0.4941878423920383,1.647292807973461,164.7292807973461,exp0_v2,auto_scale
1763816712,736.0808044451442,0.0048096781680334,0.0,0.4941878423920383,1.647292807973461,164.7292807973461,exp0_v2,auto_scale
1763816717,745.5071407420905,0.0047797915513742,0.0,0.4953624631650031,1.6512082105500103,165.12082105500104,exp0_v2,auto_scale
1763816722,745.5071407420905,0.0047797915513742,0.0,0.4898272140522859,1.6327573801742865,163.27573801742864,exp0_v2,auto_scale
1763816727,745.5071407420905,0.0047797915513742,0.0,0.4873686050672123,1.6245620168907078,162.45620168907078,exp0_v2,auto_scale
1763816732,736.4063800589413,0.0047789064420949,0.0,0.4848363020136746,1.6161210067122487,161.61210067122488,exp0_v2,auto_scale
1763816737,736.4063800589413,0.0047789064420949,0.0,0.4821790234221315,1.607263411407105,160.7263411407105,exp0_v2,auto_scale
1763816742,736.4063800589413,0.0047789064420949,0.0,0.4802747946984499,1.6009159823281665,160.09159823281664,exp0_v2,auto_scale
1763816747,745.6280171235995,0.0047622164048865,0.0,0.4434088602730528,1.4780295342435095,147.80295342435096,exp0_v2,auto_scale
1763816752,745.6280171235996,0.0047622164048865,0.0,0.4750527721721427,1.5835092405738092,158.35092405738092,exp0_v2,auto_scale
1763816757,745.6280171235996,0.0047622164048865,0.0,0.4750527721721427,1.5835092405738092,158.35092405738092,exp0_v2,auto_scale
1763816762,735.961499538984,0.0047743634632513,0.0,0.4727438724118453,1.5758129080394843,157.58129080394843,exp0_v2,auto_scale
1763816767,735.961499538984,0.0047743634632513,0.0,0.4313411304917319,1.437803768305773,143.7803768305773,exp0_v2,auto_scale
1763816772,735.961499538984,0.0047743634632513,0.0,0.476720023248138,1.58906674416046,158.906674416046,exp0_v2,auto_scale
1763816777,744.361757811611,0.0047708582834331,0.0,0.4777591050716436,1.592530350238812,159.25303502388118,exp0_v2,auto_scale
1763816782,744.361757811611,0.0047708582834331,0.0,0.4800156439437308,1.6000521464791027,160.00521464791026,exp0_v2,auto_scale
1763816787,744.361757811611,0.0047708582834331,0.0,0.4802449128294761,1.600816376098254,160.08163760982538,exp0_v2,auto_scale
1763816792,735.0421585160202,0.004792662037037,0.0,0.4802449128294761,1.600816376098254,160.08163760982538,exp0_v2,auto_scale
1763816797,735.0421585160202,0.004792662037037,0.0,0.4821406727475308,1.6071355758251027,160.71355758251028,exp0_v2,auto_scale
1763816802,735.0421585160202,0.004792662037037,0.0,0.4862238664965598,1.6207462216551993,162.07462216551994,exp0_v2,auto_scale
1763816807,744.5622497269749,0.0047846512558483,0.0,0.4885882443782391,1.628627481260797,162.8627481260797,exp0_v2,auto_scale
1763816812,744.5622497269749,0.0047846512558483,0.0,0.4120930311447348,1.373643437149116,137.3643437149116,exp0_v2,auto_scale
1763816817,744.5622497269749,0.0047846512558483,0.0,0.4883009202077811,1.627669734025937,162.7669734025937,exp0_v2,auto_scale
1763816822,735.9758976549679,0.0047890627406289,0.0,0.4879330815937086,1.6264436053123619,162.64436053123617,exp0_v2,auto_scale
1763816827,735.9758976549679,0.0047890627406289,0.0,0.4823576491293258,1.6078588304310861,160.7858830431086,exp0_v2,auto_scale
1763816832,735.9758976549679,0.0047890627406289,0.0,0.4833128295513189,1.611042765171063,161.1042765171063,exp0_v2,auto_scale
1763816837,744.8392015840864,0.0047852393412344,0.0,0.4833128295513189,1.611042765171063,161.1042765171063,exp0_v2,auto_scale
1763816842,744.8392015840864,0.0047852393412344,0.0,0.4850591480445416,1.6168638268151387,161.68638268151386,exp0_v2,auto_scale
1763816847,744.8392015840864,0.0047852393412344,0.0,0.4798740286166854,1.5995800953889514,159.95800953889514,exp0_v2,auto_scale
1763816852,735.7115544659125,0.0047846683296378,0.0,0.4461187150337606,1.4870623834458687,148.70623834458686,exp0_v2,auto_scale
1763816857,735.7115544659125,0.0047846683296378,0.0,0.4424811872717709,1.474937290905903,147.4937290905903,exp0_v2,auto_scale
1763816862,740.6030986441313,0.0047774762629056,0.0,0.4810442057792767,1.6034806859309223,160.34806859309222,exp0_v2,auto_scale
1763816867,745.1399954473025,0.0047796409578555,0.0,0.4810442057792767,1.6034806859309223,160.34806859309222,exp0_v2,auto_scale
1763816872,745.1399954473025,0.0047796409578555,0.0,0.4846852987722388,1.6156176625741294,161.56176625741296,exp0_v2,auto_scale
1763816877,740.7941625657561,0.0047748284516901,0.0,0.4859671678015934,1.6198905593386446,161.98905593386445,exp0_v2,auto_scale
1763816882,736.8113334832472,0.0047607518658999,0.0,0.4848511671931135,1.6161705573103784,161.61705573103785,exp0_v2,auto_scale
1763816887,736.8113334832472,0.0047607518658999,0.0,0.4534786062814695,1.5115953542715652,151.15953542715653,exp0_v2,auto_scale
1763816892,734.5720531360349,0.0047603521449873,0.0,0.4819393477413638,1.6064644924712128,160.64644924712127,exp0_v2,auto_scale
1763816897,736.9912300427255,0.004758566406847,0.0,0.4833273801773129,1.6110912672577098,161.10912672577098,exp0_v2,auto_scale
1763816902,736.9912300427255,0.004758566406847,0.0,0.4841990749199264,1.6139969163997547,161.3996916399755,exp0_v2,auto_scale
1763816907,741.2012144444255,0.0047576210777235,0.0,0.4846773359789503,1.6155911199298343,161.55911199298342,exp0_v2,auto_scale
1763816912,736.5072942657406,0.0047581323183221,0.0,0.4321074704019652,1.4403582346732173,144.03582346732173,exp0_v2,auto_scale
1763816917,736.5072942657406,0.0047581323183221,0.0,0.4766359375431216,1.5887864584770721,158.87864584770722,exp0_v2,auto_scale
1763816922,736.5013712179111,0.0047587145303326,0.0,0.4767431248782687,1.589143749594229,158.9143749594229,exp0_v2,auto_scale
1763816927,736.5013712179111,0.0047587145303326,0.0,0.4767431248782687,1.589143749594229,158.9143749594229,exp0_v2,auto_scale
1763816932,736.5013712179111,0.0047587145303326,0.0,0.4793329533045488,1.5977765110151627,159.77765110151628,exp0_v2,auto_scale
1763816937,744.8554992155348,0.0047613372093023,0.0,0.4797886093056538,1.5992953643521794,159.92953643521795,exp0_v2,auto_scale
1763816942,744.8554992155348,0.0047613372093023,0.0,0.4769769713049109,1.5899232376830363,158.99232376830363,exp0_v2,auto_scale
1763816947,744.8554992155348,0.0047613372093023,0.0,0.476016488006563,1.5867216266885433,158.67216266885433,exp0_v2,auto_scale
1763816952,736.115793495606,0.0047630886044945,0.0,0.4749385749444836,1.5831285831482786,158.31285831482788,exp0_v2,auto_scale
1763816957,736.115793495606,0.0047630886044945,0.0,0.4421256377113134,1.4737521257043782,147.3752125704378,exp0_v2,auto_scale
1763816962,736.115793495606,0.0047630886044945,0.0,0.4387535132944131,1.462511710981377,146.2511710981377,exp0_v2,auto_scale
1763816967,744.6716557104838,0.0047607610825373,0.0,0.4791440223275121,1.597146741091707,159.71467410917072,exp0_v2,auto_scale
1763816972,744.6716557104838,0.0047607610825373,0.0,0.4791440223275121,1.597146741091707,159.71467410917072,exp0_v2,auto_scale
1763816977,744.6716557104838,0.0047607610825373,0.0,0.4747985427371709,1.582661809123903,158.2661809123903,exp0_v2,auto_scale
1763816982,736.468101373991,0.0047601744186046,0.0,0.4738570102182219,1.5795233673940732,157.95233673940731,exp0_v2,auto_scale
1763816987,736.468101373991,0.0047601744186046,0.0,0.4738570102182219,1.5795233673940732,157.95233673940731,exp0_v2,auto_scale
1763816992,736.4681013739909,0.0047601744186046,0.0,0.4788462666462151,1.5961542221540503,159.61542221540503,exp0_v2,auto_scale
1763816997,746.0335526166034,0.0047635170282427,0.0,0.4832851829927512,1.6109506099758373,161.09506099758372,exp0_v2,auto_scale
1763817002,746.0335526166034,0.0047635170282427,0.0,0.4846895957589264,1.615631985863088,161.5631985863088,exp0_v2,auto_scale
1763817007,746.0335526166034,0.0047635170282427,0.0,0.4851716682685179,1.617238894228393,161.7238894228393,exp0_v2,auto_scale
1763817012,737.4836939408933,0.0047651135042525,0.0,0.4421397619923226,1.4737992066410752,147.37992066410752,exp0_v2,auto_scale
1763817017,737.4836939408933,0.0047651135042525,0.0,0.4792605642701236,1.5975352142337453,159.75352142337454,exp0_v2,auto_scale
1763817022,737.4836939408934,0.0047651135042525,0.0,0.4792605642701236,1.5975352142337453,159.75352142337454,exp0_v2,auto_scale
1763817027,746.1708277384555,0.0047667197208533,0.0,0.4863803466111043,1.6212678220370145,162.12678220370145,exp0_v2,auto_scale
1763817032,746.1708277384555,0.0047667197208533,0.0,0.4881993367342311,1.6273311224474372,162.73311224474372,exp0_v2,auto_scale
1763817037,746.1708277384555,0.0047667197208533,0.0,0.4551314649635607,1.5171048832118692,151.71048832118692,exp0_v2,auto_scale
1763817042,736.0989319842607,0.0047774347158218,0.0,0.4430812105847836,1.4769373686159455,147.69373686159454,exp0_v2,auto_scale
1763817047,736.0989319842607,0.0047774347158218,0.0,0.4811732163560698,1.6039107211868995,160.39107211868995,exp0_v2,auto_scale
1763817052,736.0989319842607,0.0047774347158218,0.0,0.4815215421837067,1.6050718072790224,160.50718072790224,exp0_v2,auto_scale
1763817057,744.792733729427,0.0047944007403979,0.0,0.4881299285753173,1.6270997619177243,162.70997619177243,exp0_v2,auto_scale
1763817062,744.792733729427,0.0047944007403979,0.0,0.4898106248673142,1.6327020828910475,163.27020828910474,exp0_v2,auto_scale
1763817067,744.792733729427,0.0047944007403979,0.0,0.4931460813205724,1.6438202710685748,164.38202710685746,exp0_v2,auto_scale
1763817072,735.7658650709737,0.0047920496607032,0.0,0.4532868064983441,1.510956021661147,151.0956021661147,exp0_v2,auto_scale
1763817077,735.7658650709737,0.0047920496607032,0.0,0.4826293221219905,1.6087644070733018,160.87644070733018,exp0_v2,auto_scale
1763817082,735.7658650709737,0.0047920496607032,0.0,0.4826293221219905,1.6087644070733018,160.87644070733018,exp0_v2,auto_scale
1763817087,744.7181495310081,0.0048015219406674,0.0,0.4476881035410158,1.4922936784700527,149.22936784700528,exp0_v2,auto_scale
1763817092,744.7181495310081,0.0048015219406674,0.0,0.4934857214812673,1.6449524049375577,164.49524049375577,exp0_v2,auto_scale
1763817097,744.7181495310081,0.0048015219406674,0.0,0.49187207655597,1.6395735885199,163.95735885199002,exp0_v2,auto_scale
1763817102,736.091747245334,0.0047839056058088,0.0,0.490046035891317,1.63348678630439,163.348678630439,exp0_v2,auto_scale
1763817107,736.091747245334,0.0047839056058088,0.0,0.446428354628849,1.4880945154294967,148.80945154294966,exp0_v2,auto_scale
1763817112,736.091747245334,0.0047839056058088,0.0,0.4809967064611317,1.603322354870439,160.3322354870439,exp0_v2,auto_scale
1763817117,735.889363615921,0.004787008807588,0.0,0.4487566680943741,1.4958555603145804,149.58555603145805,exp0_v2,auto_scale
1763817122,735.889363615921,0.004787008807588,0.0,0.4839297394002445,1.6130991313341483,161.30991313341482,exp0_v2,auto_scale
1763817127,735.889363615921,0.004787008807588,0.0,0.4821467605219445,1.6071558684064817,160.71558684064817,exp0_v2,auto_scale
1763817132,727.8888888888888,0.0047651297050626,0.0,0.4844135258461168,1.6147117528203894,161.47117528203893,exp0_v2,auto_scale
1763817137,727.8888888888888,0.0047651297050626,0.0,0.4790544010836005,1.5968480036120016,159.68480036120016,exp0_v2,auto_scale
1763817142,727.8888888888888,0.0047651297050626,0.0,0.4790544010836005,1.5968480036120016,159.68480036120016,exp0_v2,auto_scale
1763817147,740.4007055311836,0.0047664500904103,0.0,0.4346593464783441,1.448864488261147,144.8864488261147,exp0_v2,auto_scale
1763817152,740.4007055311836,0.0047664500904103,0.0,0.4787356293011994,1.595785431003998,159.5785431003998,exp0_v2,auto_scale
1763817157,740.4007055311836,0.0047664500904103,0.0,0.4804528200939232,1.6015094003130774,160.15094003130775,exp0_v2,auto_scale
1763817162,740.7851295735155,0.0047668795760193,0.0,0.4829130803930652,1.609710267976884,160.9710267976884,exp0_v2,auto_scale
1763817167,740.7851295735155,0.0047668795760193,0.0,0.4492503729638131,1.4975012432127104,149.75012432127104,exp0_v2,auto_scale
1763817172,744.3568033526977,0.0047725009773035,0.0,0.4924919921988661,1.6416399739962204,164.16399739962205,exp0_v2,auto_scale
1763817177,749.7654408567703,0.0047750675012272,0.0,0.4575254365901159,1.5250847886337198,152.50847886337198,exp0_v2,auto_scale
1763817182,749.7654408567703,0.0047750675012272,0.0,0.4874048173290587,1.6246827244301958,162.46827244301957,exp0_v2,auto_scale
1763817187,744.2205148298949,0.0047700914921496,0.0,0.4831031150523353,1.6103437168411177,161.03437168411176,exp0_v2,auto_scale
1763817192,736.8527553567013,0.004772718214428,0.0,0.4846366187954175,1.6154553959847249,161.5455395984725,exp0_v2,auto_scale
1763817197,736.8527553567013,0.004772718214428,0.0,0.4927192065767601,1.642397355255867,164.2397355255867,exp0_v2,auto_scale
1763817202,768.873205985139,0.0072616279069767,0.0,0.5069681860516183,1.6898939535053945,168.98939535053944,exp0_v2,auto_scale
1763817207,782.8698857688983,0.0100443037974683,0.0,0.5069681860516183,1.6898939535053945,168.98939535053944,exp0_v2,auto_scale
1763817212,782.8698857688983,0.0100443037974683,0.0,0.5272655560982659,1.7575518536608863,175.75518536608863,exp0_v2,auto_scale
1763817217,829.3154635677325,0.0074494195688225,0.0,0.5374397604870464,1.791465868290155,179.1465868290155,exp0_v2,auto_scale
1763817222,853.4226859764324,0.0095267934312877,0.0,0.5431698390478584,1.8105661301595282,181.05661301595282,exp0_v2,auto_scale
1763817227,853.4226859764324,0.0095267934312877,0.0,0.5612234502792903,1.8707448342643012,187.0744834264301,exp0_v2,auto_scale
1763817232,945.2637807820108,0.0094572072072072,0.0,0.5764891026733352,1.9216303422444507,192.16303422444508,exp0_v2,auto_scale
1763817237,945.2637807820108,0.0094572072072072,0.0,0.5319120188386737,1.773040062795579,177.30400627955788,exp0_v2,auto_scale
1763817242,945.2637807820108,0.0094572072072072,0.0,0.5378006696658177,1.7926688988860593,179.26688988860593,exp0_v2,auto_scale
1763817247,969.3726107488196,0.005684809098294,0.0,0.5996706940678601,1.9989023135595338,199.89023135595338,exp0_v2,auto_scale
1763817252,969.3726107488196,0.005684809098294,0.0,0.5996706940678602,1.998902313559534,199.8902313559534,exp0_v2,auto_scale
1763817257,969.3726107488196,0.005684809098294,0.0,0.5999261141142913,1.9997537137143044,199.97537137143044,exp0_v2,auto_scale
1763840043,39.50057762374478,0.0049388888888888,0.0,0.031548770695221,0.10516256898407,10.516256898407,exp1_autoscale,no_action
1763840048,39.50057762374478,0.0049388888888888,0.0,0.03237395285472,0.1079131761824001,10.79131761824001,exp1_autoscale,no_action
1763840053,78.33159263127487,0.0049159571344685,0.0,0.0525064691956854,0.1750215639856182,17.50215639856182,exp1_autoscale,no_action
1763840058,78.33159263127486,0.0049159571344685,0.0,0.0559173105742184,0.1863910352473948,18.639103524739483,exp1_autoscale,no_action
1763840063,78.33159263127486,0.0049159571344685,0.0,0.1038079384739387,0.3460264615797958,34.60264615797958,exp1_autoscale,no_action
1763840068,195.40434231871825,0.0048815743338008,0.0,0.1119686849862951,0.3732289499543172,37.322894995431724,exp1_autoscale,no_action
1763840073,195.4043423187182,0.0048815743338008,0.0,0.1408362812326469,0.4694542707754897,46.94542707754897,exp1_autoscale,no_action
1763840078,195.4043423187182,0.0048815743338008,0.0,0.1520120988064522,0.5067069960215076,50.67069960215076,exp1_autoscale,no_action
1763840083,312.8612074330933,0.0049242284746262,0.0,0.2040266223091992,0.6800887410306641,68.0088741030664,exp1_autoscale,no_action
1763840088,312.8612074330933,0.0049242284746262,0.0,0.2575534391012348,0.8585114636707827,85.85114636707827,exp1_autoscale,auto_scale
1763840093,312.8612074330933,0.0049242284746262,0.0,0.2957639872660481,0.9858799575534936,98.58799575534935,exp1_autoscale,auto_scale
1763840098,391.18647081046254,0.0057247536945812,0.0,0.2663229637960728,0.8877432126535761,88.77432126535761,exp1_autoscale,auto_scale
1763840103,391.1864708104624,0.0057247536945812,0.0,0.3400086604651647,1.1333622015505491,113.33622015505492,exp1_autoscale,auto_scale
1763840108,391.1864708104624,0.0057247536945812,0.0,0.3400086604651647,1.1333622015505491,113.33622015505492,exp1_autoscale,auto_scale
1763840113,401.6132974822782,0.0081737804878048,0.0,0.3537518629865618,1.1791728766218728,117.91728766218728,exp1_autoscale,auto_scale
1763840118,401.6132974822781,0.0081737804878048,0.0,0.3580637397493073,1.1935457991643577,119.35457991643577,exp1_autoscale,auto_scale
1763840123,401.6132974822781,0.0081737804878048,0.0,0.3720225263405632,1.2400750878018774,124.00750878018773,exp1_autoscale,auto_scale
1763840128,434.3111111111111,0.0063385518590998,0.0,0.3720225263405632,1.2400750878018774,124.00750878018773,exp1_autoscale,auto_scale
1763840133,434.3111111111111,0.0063385518590998,0.0,0.3400330087806433,1.1334433626021445,113.34433626021445,exp1_autoscale,auto_scale
1763840138,434.3111111111111,0.0063385518590998,0.0,0.3709408451994261,1.2364694839980872,123.64694839980872,exp1_autoscale,auto_scale
1763840143,467.5333333333333,0.004920010338716,0.0,0.367910233225274,1.226367444084247,122.63674440842469,exp1_autoscale,auto_scale
1763840148,467.5333333333333,0.004920010338716,0.0,0.3642521357803254,1.2141737859344182,121.41737859344181,exp1_autoscale,auto_scale
1763840153,467.5333333333333,0.004920010338716,0.0,0.3617158180441188,1.205719393480396,120.5719393480396,exp1_autoscale,auto_scale
1763840158,489.7886619702661,0.0048293200479749,0.0,0.3617158180441188,1.205719393480396,120.5719393480396,exp1_autoscale,auto_scale
1763840163,489.788661970266,0.0048293200479749,0.0,0.3585327979831297,1.1951093266104325,119.51093266104324,exp1_autoscale,auto_scale
1763840168,489.788661970266,0.0048293200479749,0.0,0.3707863392641293,1.2359544642137643,123.59544642137644,exp1_autoscale,auto_scale
1763840173,487.6,0.0049388475572193,0.0,0.3707863392641293,1.2359544642137643,123.59544642137644,exp1_autoscale,auto_scale
1763840178,487.6,0.0049388475572193,0.0,0.3757679014345204,1.2525596714484015,125.25596714484016,exp1_autoscale,auto_scale
1763840183,487.6,0.0049388475572193,0.0,0.4071931307639493,1.3573104358798314,135.73104358798312,exp1_autoscale,auto_scale
1763840188,481.2576380402177,0.0152180434782608,0.0,0.4071931307639493,1.3573104358798314,135.73104358798312,exp1_autoscale,auto_scale
1763840193,481.25763804021767,0.0152180434782608,0.0,0.4319494188432037,1.4398313961440123,143.98313961440124,exp1_autoscale,auto_scale
1763840198,481.25763804021767,0.0152180434782608,0.0,0.4537587132298537,1.5125290440995125,151.25290440995124,exp1_autoscale,auto_scale
1763840203,474.03391035754765,0.0210609318996415,0.0,0.4537587132298537,1.5125290440995125,151.25290440995124,exp1_autoscale,auto_scale
1763840208,474.0339103575476,0.0210609318996415,0.0,0.4456046246862587,1.485348748954196,148.53487489541962,exp1_autoscale,auto_scale
1763840213,474.0339103575476,0.0210609318996415,0.0,0.4477030787575299,1.492343595858433,149.2343595858433,exp1_autoscale,auto_scale
1763840218,476.17777777777775,0.0194970674486803,0.0,0.439015588833658,1.4633852961121934,146.33852961121934,exp1_autoscale,auto_scale
1763840223,476.17777777777775,0.0194970674486803,0.0,0.439015588833658,1.4633852961121934,146.33852961121934,exp1_autoscale,auto_scale
1763840228,476.17777777777775,0.0194970674486803,0.0,0.3890114568481317,1.2967048561604393,129.67048561604392,exp1_autoscale,auto_scale
1763840233,492.5993421637479,0.0095224957555178,0.0,0.415489150526768,1.3849638350892268,138.4963835089227,exp1_autoscale,auto_scale
1763840238,492.5993421637479,0.0095224957555178,0.0,0.415489150526768,1.3849638350892268,138.4963835089227,exp1_autoscale,auto_scale
1763840243,492.5993421637479,0.0095224957555178,0.0,0.3980056306486905,1.3266854354956352,132.6685435495635,exp1_autoscale,auto_scale
1763840248,535.6222222222221,0.0048735420568704,0.0,0.3679352706135915,1.226450902045305,122.64509020453049,exp1_autoscale,auto_scale
1763840253,535.6222222222221,0.0048735420568704,0.0,0.4126135466633608,1.3753784888778695,137.53784888778696,exp1_autoscale,auto_scale
1763840258,535.6222222222221,0.0048735420568704,0.0,0.4211922470818391,1.4039741569394637,140.39741569394636,exp1_autoscale,auto_scale
1763840263,580.1333333333332,0.004939984861764,0.0,0.4317623941542782,1.4392079805142608,143.9207980514261,exp1_autoscale,auto_scale
1763840268,580.1333333333332,0.004939984861764,0.0,0.4461323588548839,1.487107862849613,148.7107862849613,exp1_autoscale,auto_scale
1763840273,580.1333333333332,0.004939984861764,0.0,0.4577887845505332,1.525962615168444,152.5962615168444,exp1_autoscale,auto_scale
1763840278,623.9777777777778,0.0049504583921015,0.0,0.465980578898909,1.5532685963296968,155.32685963296967,exp1_autoscale,auto_scale
1763840283,623.9777777777778,0.0049504583921015,0.0,0.4312104314996564,1.437368104998855,143.73681049988548,exp1_autoscale,auto_scale
1763840288,623.9777777777778,0.0049504583921015,0.0,0.4870987713996516,1.623662571332172,162.3662571332172,exp1_autoscale,auto_scale
1763840293,652.6666666666666,0.0049597376279863,0.0,0.4516852208637937,1.5056174028793123,150.56174028793123,exp1_autoscale,auto_scale
1763840298,652.6666666666666,0.0049597376279863,0.0,0.4995700563331992,1.665233521110664,166.5233521110664,exp1_autoscale,auto_scale
1763840303,652.6666666666666,0.0049597376279863,0.0,0.466277544138692,1.554258480462307,155.4258480462307,exp1_autoscale,auto_scale
1763840308,680.7040156447922,0.0049774982039615,0.0,0.5106239737361451,1.702079912453817,170.20799124538172,exp1_autoscale,auto_scale
1763840313,680.7040156447921,0.0049774982039615,0.0,0.4718555911832087,1.5728519706106958,157.2851970610696,exp1_autoscale,auto_scale
1763840318,680.7040156447921,0.0049774982039615,0.0,0.522552307638195,1.7418410254606502,174.18410254606502,exp1_autoscale,auto_scale
1763840323,664.9777777777776,0.034332669322709,0.0,0.5338260162716271,1.779420054238757,177.9420054238757,exp1_autoscale,auto_scale
1763840328,664.9777777777776,0.034332669322709,0.0,0.5398692486270392,1.7995641620901308,179.95641620901307,exp1_autoscale,auto_scale
1763840333,664.9777777777776,0.034332669322709,0.0,0.552244726419062,1.8408157547302064,184.08157547302065,exp1_autoscale,auto_scale
1763840338,669.8888888888888,0.0446197289156625,0.0,0.552244726419062,1.8408157547302064,184.08157547302065,exp1_autoscale,auto_scale
1763840343,669.8888888888888,0.0446197289156625,0.0,0.5598591596384788,1.8661971987949293,186.61971987949292,exp1_autoscale,auto_scale
1763840348,669.8888888888888,0.0446197289156625,0.0,0.5671108148662741,1.8903693828875805,189.03693828875805,exp1_autoscale,auto_scale
1763840353,685.1847736716962,0.0470877325289089,0.0,0.4423579738976023,1.4745265796586744,147.45265796586745,exp1_autoscale,auto_scale
1763840358,685.1847736716961,0.0470877325289089,0.0,0.3960906736469093,1.3203022454896978,132.03022454896978,exp1_autoscale,auto_scale
1763840363,685.1847736716961,0.0470877325289089,0.0,0.3013435901126104,1.0044786337087015,100.44786337087015,exp1_autoscale,auto_scale
1763840368,588.5647322222222,0.0357760989010988,0.0,0.5054194607039078,1.6847315356796926,168.47315356796926,exp1_autoscale,auto_scale
1763840373,641.801196263178,0.0352120844875345,0.0,0.5054194607039078,1.6847315356796926,168.47315356796926,exp1_autoscale,auto_scale
1763840378,641.801196263178,0.0352120844875345,0.0,0.4886964538713441,1.6289881795711472,162.89881795711472,exp1_autoscale,auto_scale
1763840383,656.3034734105204,0.0265702368137782,0.0,0.4742043837221433,1.5806812790738112,158.06812790738113,exp1_autoscale,auto_scale
1763840388,656.3034734105203,0.0265702368137781,0.0,0.4790999315069387,1.5969997716897957,159.69997716897956,exp1_autoscale,auto_scale
1763840393,656.3034734105203,0.0265702368137781,0.0,0.2823007539507047,0.9410025131690158,94.10025131690159,exp1_autoscale,auto_scale
1763840398,697.2154936776374,0.0187791338582677,0.0,0.3416510813359529,1.13883693778651,113.883693778651,exp1_autoscale,auto_scale
1763840403,697.2154936776373,0.0187791338582676,0.0,0.3966210045052951,1.3220700150176503,132.20700150176503,exp1_autoscale,auto_scale
1763840408,697.2154936776373,0.0187791338582676,0.0,0.4899041650915008,1.6330138836383363,163.30138836383364,exp1_autoscale,auto_scale
1763840413,704.7869950567914,0.024374739311783,0.0,0.5426846077658152,1.8089486925527172,180.89486925527171,exp1_autoscale,auto_scale
1763840418,837.2656835791053,0.0243747393117831,0.0,0.5426846077658152,1.8089486925527172,180.89486925527171,exp1_autoscale,auto_scale
1763840423,837.2656835791053,0.0243747393117831,0.0,0.5577257484740237,1.8590858282467455,185.90858282467454,exp1_autoscale,auto_scale
1763840428,850.3908380294492,0.0246644736842105,0.0,0.5853069186242172,1.9510230620807243,195.10230620807243,exp1_autoscale,auto_scale
1763840433,863.7333333333332,0.0251847133757961,0.0,0.5867168384716543,1.9557227949055145,195.57227949055144,exp1_autoscale,auto_scale
1763840438,863.7333333333332,0.0251847133757961,0.0,0.5881418427311331,1.960472809103777,196.0472809103777,exp1_autoscale,auto_scale
1763840443,887.2025066109643,0.0275601983002832,0.0,0.5907892247506032,1.969297415835344,196.9297415835344,exp1_autoscale,auto_scale
1763840448,887.2025066109642,0.0275601983002832,0.0,0.5937281201950673,1.9790937339835577,197.90937339835577,exp1_autoscale,auto_scale
1763840453,887.2025066109642,0.0275601983002832,0.0,0.5937281201950673,1.9790937339835577,197.90937339835577,exp1_autoscale,auto_scale
1763840458,928.2444444444444,0.0219377170824123,0.0,0.5943352313076725,1.9811174376922416,198.11174376922415,exp1_autoscale,auto_scale
1763840463,928.2444444444444,0.0219377170824123,0.0,0.5437209264247896,1.8124030880826325,181.24030880826325,exp1_autoscale,auto_scale
1763840468,928.2444444444444,0.0219377170824123,0.0,0.5956097555816053,1.9853658519386843,198.53658519386843,exp1_autoscale,auto_scale
1763840473,949.3789026910514,0.0226866074030894,0.0,0.5956181007559285,1.985393669186428,198.5393669186428,exp1_autoscale,auto_scale
1763840478,949.3789026910512,0.0226866074030894,0.0,0.5956181007559285,1.985393669186428,198.5393669186428,exp1_autoscale,auto_scale
1763840483,949.3789026910512,0.0226866074030894,0.0,0.5601028377839405,1.8670094592798017,186.70094592798017,exp1_autoscale,auto_scale
1763840488,954.287873063846,0.0256011169900057,0.0,0.536722340239791,1.7890744674659702,178.90744674659703,exp1_autoscale,auto_scale
1763840493,954.2878730638458,0.0256011169900058,0.0,0.5952779892901268,1.9842599643004224,198.42599643004223,exp1_autoscale,auto_scale
1763840498,954.2878730638458,0.0256011169900058,0.0,0.5956633170417289,1.9855443901390968,198.55443901390967,exp1_autoscale,auto_scale
1763840503,988.4666666666666,0.0246880673674151,0.0,0.5959727429594089,1.9865758098646968,198.6575809864697,exp1_autoscale,auto_scale
1763840508,988.4666666666666,0.0246880673674151,0.0,0.5958837608621779,1.9862792028739265,198.62792028739264,exp1_autoscale,auto_scale
1763840513,988.4666666666666,0.0246880673674151,0.0,0.5960753560230392,1.9869178534101304,198.69178534101303,exp1_autoscale,auto_scale
1763840518,1029.089535323007,0.0234798634812286,0.0,0.5481233331588518,1.8270777771961728,182.70777771961727,exp1_autoscale,auto_scale
1763840523,1029.089535323007,0.0234798634812286,0.0,0.5565329627252045,1.8551098757506816,185.51098757506816,exp1_autoscale,auto_scale
1763840528,1029.089535323007,0.0234798634812286,0.0,0.5970488252135681,1.9901627507118933,199.01627507118934,exp1_autoscale,auto_scale
1763840533,975.8449812226396,0.0239739214423696,0.0,0.5977400500827976,1.9924668336093252,199.2466833609325,exp1_autoscale,auto_scale
1763840538,975.8449812226396,0.0239739214423696,0.0,0.4629593953466949,1.5431979844889832,154.31979844889833,exp1_autoscale,auto_scale
1763840543,975.8449812226396,0.0239739214423696,0.0,0.4425902771590853,1.4753009238636177,147.53009238636176,exp1_autoscale,auto_scale
1763840548,634.0569244784144,0.0258767297887835,0.0,0.4425902771590853,1.4753009238636177,147.53009238636176,exp1_autoscale,auto_scale
1763840553,634.0569244784144,0.0258767297887836,0.0,0.3747314121230729,1.24910470707691,124.91047070769099,exp1_autoscale,auto_scale
1763840558,634.0569244784144,0.0258767297887836,0.0,0.2757543413705529,0.919181137901843,91.9181137901843,exp1_autoscale,auto_scale
1763840563,287.2602831048199,0.0325251182033096,0.0,0.1714310293563131,0.571436764521044,57.143676452104394,exp1_autoscale,no_action
1763840568,287.2602831048199,0.0325251182033097,0.0,0.1714310293563131,0.571436764521044,57.143676452104394,exp1_autoscale,no_action
1763840573,287.2602831048199,0.0325251182033097,0.0,0.061522483020427,0.2050749434014235,20.507494340142348,exp1_autoscale,no_action
1763840578,30.00066668148181,0.0049251152073732,0.0,0.0612582676566344,0.2041942255221147,20.41942255221147,exp1_autoscale,no_action
1763840583,30.00066668148181,0.0049251152073732,0.0,0.0214308183295744,0.0714360610985814,7.1436061098581405,exp1_autoscale,no_action
1763840588,30.00066668148181,0.0049251152073732,0.0,0.019329334735926,0.0644311157864202,6.4431115786420206,exp1_autoscale,no_action
1763840593,30.559630172911948,0.0086328124999999,0.0,0.0213201659789263,0.0710672199297544,7.10672199297544,exp1_autoscale,no_action
1763840598,30.559630172911948,0.0086328124999999,0.0,0.0219117601271505,0.073039200423835,7.303920042383499,exp1_autoscale,no_action
1763840603,30.559630172911948,0.0086328124999999,0.0,0.0216473808782204,0.072157936260735,7.215793626073499,exp1_autoscale,no_action
1763840608,33.888888888888886,0.0056418918918918,0.0,0.0241342707361305,0.080447569120435,8.0447569120435,exp1_autoscale,no_action
1763840613,33.888888888888886,0.0056418918918918,0.0,0.0251756227107994,0.0839187423693315,8.39187423693315,exp1_autoscale,no_action
1763840618,33.888888888888886,0.0056418918918918,0.0,0.0260556707138054,0.0868522357126846,8.68522357126846,exp1_autoscale,no_action
1763840623,37.22222222222221,0.0112335526315788,0.0,0.0281976131191814,0.0939920437306049,9.39920437306049,exp1_autoscale,no_action
1763840628,37.22222222222221,0.0112335526315788,0.0,0.0293952619157425,0.0979842063858083,9.798420638580831,exp1_autoscale,no_action
1763840633,37.22222222222221,0.0112335526315788,0.0,0.0308796178556934,0.1029320595189781,10.29320595189781,exp1_autoscale,no_action
1763840638,40.00088890864242,0.0091836734693877,0.0,0.0318728092480436,0.1062426974934787,10.62426974934787,exp1_autoscale,no_action
1763840643,40.000888908642416,0.0091836734693877,0.0,0.03439509095242,0.1146503031747334,11.46503031747334,exp1_autoscale,no_action
1763840648,40.000888908642416,0.0091836734693877,0.0,0.0352468237893803,0.1174894126312679,11.74894126312679,exp1_autoscale,no_action
1763840653,40.00088890864242,0.0109677419354838,0.0,0.0365914169231108,0.1219713897437027,12.197138974370269,exp1_autoscale,no_action
1763840658,40.000888908642416,0.0109677419354838,0.0,0.0357400411291515,0.1191334704305051,11.913347043050509,exp1_autoscale,no_action
1763840663,40.000888908642416,0.0109677419354838,0.0,0.0364806419588728,0.1216021398629093,12.16021398629093,exp1_autoscale,no_action
1763840668,39.99911113086376,0.004933641084824,0.0,0.0367090418015456,0.1223634726718188,12.23634726718188,exp1_autoscale,no_action
1763840673,39.99911113086375,0.004933641084824,0.0,0.0360511390204479,0.1201704634014932,12.01704634014932,exp1_autoscale,no_action
1763840678,39.99911113086375,0.004933641084824,0.0,0.0360511390204479,0.1201704634014932,12.01704634014932,exp1_autoscale,no_action
1763840683,39.99911113086376,0.0048033707865168,0.0,0.0343901126352693,0.1146337087842311,11.46337087842311,exp1_autoscale,no_action
1763840688,39.99911113086375,0.0048033707865168,0.0,0.0331248198720294,0.1104160662400982,11.04160662400982,exp1_autoscale,no_action
1763840693,39.99911113086375,0.0048033707865168,0.0,0.0331248198720294,0.1104160662400982,11.04160662400982,exp1_autoscale,no_action
1763840698,39.99999999999999,0.0047632311977715,0.0,0.0302369825813491,0.1007899419378306,10.07899419378306,exp1_autoscale,no_action
1763840703,39.99999999999999,0.0047632311977715,0.0,0.0330426675373446,0.1101422251244822,11.01422251244822,exp1_autoscale,no_action
1763840708,39.99999999999999,0.0047632311977715,0.0,0.0330426675373446,0.1101422251244822,11.01422251244822,exp1_autoscale,no_action
1763840713,39.99999999999999,0.0047952888390353,0.0,0.0340511033648599,0.1135036778828665,11.35036778828665,exp1_autoscale,no_action
1763840718,39.99999999999999,0.0047952888390353,0.0,0.0359847583312954,0.1199491944376515,11.994919443765149,exp1_autoscale,no_action
1763840723,39.99999999999999,0.0047952888390353,0.0,0.0359847583312954,0.1199491944376515,11.994919443765149,exp1_autoscale,no_action
1763840728,39.99999999999999,0.0048829240434037,0.0,0.0344191336095982,0.1147304453653273,11.47304453653273,exp1_autoscale,no_action
1763840733,39.99999999999999,0.0048829240434037,0.0,0.0372928643562692,0.1243095478542306,12.43095478542306,exp1_autoscale,no_action
1763840738,39.99999999999999,0.0048829240434037,0.0,0.0372928643562692,0.1243095478542306,12.43095478542306,exp1_autoscale,no_action
1763840743,39.99999999999999,0.0049251152073732,0.0,0.0354529104550866,0.118176368183622,11.8176368183622,exp1_autoscale,no_action
1763840748,39.99999999999999,0.0049251152073732,0.0,0.0360054971420186,0.1200183238067287,12.00183238067287,exp1_autoscale,no_action
1763840753,39.99999999999999,0.0049251152073732,0.0,0.0389079147712043,0.1296930492373479,12.96930492373479,exp1_autoscale,no_action
1763840758,39.99999999999999,0.0049222797927461,0.0,0.0389079147712043,0.1296930492373479,12.96930492373479,exp1_autoscale,no_action
1763840763,39.99999999999999,0.0049222797927461,0.0,0.0364848065910128,0.1216160219700429,12.16160219700429,exp1_autoscale,no_action
1763840768,39.99999999999999,0.0049222797927461,0.0,0.0364848065910128,0.1216160219700429,12.16160219700429,exp1_autoscale,no_action
1763840773,39.99999999999999,0.0048469387755102,0.0,0.0355744620085094,0.1185815400283646,11.85815400283646,exp1_autoscale,no_action
1763840778,39.99999999999999,0.0048469387755102,0.0,0.0350993641872723,0.116997880624241,11.699788062424101,exp1_autoscale,no_action
1763840783,39.99999999999999,0.0048469387755102,0.0,0.0350993641872723,0.116997880624241,11.699788062424101,exp1_autoscale,no_action
1763840788,39.99999999999999,0.004808773903262,0.0,0.0347514513306878,0.1158381711022928,11.58381711022928,exp1_autoscale,no_action
1763840793,39.99999999999999,0.004808773903262,0.0,0.0329185820961558,0.1097286069871861,10.97286069871861,exp1_autoscale,no_action
1763840798,39.99999999999999,0.004808773903262,0.0,0.0329185820961558,0.1097286069871861,10.97286069871861,exp1_autoscale,no_action
1763840803,39.822222222222216,0.0047927927927927,0.0,0.0329185820961558,0.1097286069871861,10.97286069871861,exp1_autoscale,no_action
1763840808,39.822222222222216,0.0047927927927927,0.0,0.0330679705426965,0.110226568475655,11.0226568475655,exp1_autoscale,no_action
1763840813,39.822222222222216,0.0047927927927927,0.0,0.0330224276147105,0.1100747587157019,11.00747587157019,exp1_autoscale,no_action
1763840818,39.68977088379742,0.0048174332765474,0.0,0.0338146931501425,0.1127156438338083,11.27156438338083,exp1_autoscale,no_action
1763840823,39.689770883797415,0.0048174332765474,0.0,0.0342907705406563,0.1143025684688543,11.43025684688543,exp1_autoscale,no_action
1763840828,39.689770883797415,0.0048174332765474,0.0,0.0342907705406563,0.1143025684688543,11.43025684688543,exp1_autoscale,no_action
1763840833,39.64444444444444,0.0048202502844141,0.0,0.0342524715869012,0.1141749052896707,11.41749052896707,exp1_autoscale,no_action
1763840838,39.64444444444444,0.0048202502844141,0.0,0.0315072891404152,0.1050242971347174,10.502429713471741,exp1_autoscale,no_action
1763840843,39.64444444444444,0.0048202502844141,0.0,0.0316276872516748,0.1054256241722496,10.54256241722496,exp1_autoscale,no_action
1763840848,39.62222222222222,0.0048148095508811,0.0,0.0306236908601949,0.1020789695339832,10.20789695339832,exp1_autoscale,no_action
1763840853,39.62222222222222,0.0048148095508811,0.0,0.0305482728383975,0.1018275761279916,10.182757612799161,exp1_autoscale,no_action
1763840858,39.62222222222222,0.0048148095508811,0.0,0.0325589291914396,0.1085297639714655,10.85297639714655,exp1_autoscale,no_action
1763840863,39.75555555555555,0.0048009887005649,0.0,0.0325378050668354,0.1084593502227848,10.84593502227848,exp1_autoscale,no_action
1763840868,39.75555555555555,0.0048009887005649,0.0,0.0313204554685479,0.104401518228493,10.4401518228493,exp1_autoscale,no_action
1763840873,39.75555555555555,0.0048009887005649,0.0,0.0287808015624767,0.0959360052082558,9.59360052082558,exp1_autoscale,no_action
1763840878,39.79911557520944,0.0048172423556058,0.0,0.0292390257743274,0.0974634192477581,9.74634192477581,exp1_autoscale,no_action
1763840883,39.79911557520944,0.0048172423556058,0.0,0.0319910378344849,0.1066367927816164,10.66367927816164,exp1_autoscale,no_action
1763840888,39.79911557520944,0.0048172423556058,0.0,0.0328384738198771,0.1094615793995904,10.94615793995904,exp1_autoscale,no_action
1763840893,40.00088890864242,0.0048277809147374,0.0,0.034299941142653,0.1143331371421766,11.433313714217661,exp1_autoscale,no_action
1763840898,40.000888908642416,0.0048277809147374,0.0,0.0348551939211457,0.1161839797371525,11.61839797371525,exp1_autoscale,no_action
1763840903,40.000888908642416,0.0048277809147374,0.0,0.0348751448310442,0.1162504827701473,11.625048277014729,exp1_autoscale,no_action
1763840908,39.99999999999999,0.0048332391181458,0.0,0.0358623852869284,0.1195412842897616,11.95412842897616,exp1_autoscale,no_action
1763840913,39.99999999999999,0.0048332391181458,0.0,0.0355927449626961,0.1186424832089871,11.86424832089871,exp1_autoscale,no_action
1763840918,39.99999999999999,0.0048332391181458,0.0,0.0297768554000124,0.099256184666708,9.9256184666708,exp1_autoscale,no_action
1763840923,39.99999999999999,0.0048250564334085,0.0,0.0339622723338949,0.1132075744463163,11.32075744463163,exp1_autoscale,no_action
1763840928,39.99999999999999,0.0048250564334085,0.0,0.0360682024811096,0.1202273416036987,12.02273416036987,exp1_autoscale,no_action
1763840933,39.99999999999999,0.0048250564334085,0.0,0.0360682024811096,0.1202273416036987,12.02273416036987,exp1_autoscale,no_action
1763840938,39.99999999999999,0.0048332391181458,0.0,0.0318335711171301,0.1061119037237672,10.61119037237672,exp1_autoscale,no_action
1763840943,39.99999999999999,0.0048332391181458,0.0,0.0345848608617955,0.1152828695393184,11.52828695393184,exp1_autoscale,no_action
1763840948,39.99999999999999,0.0048332391181458,0.0,0.034425289145478,0.1147509638182602,11.475096381826019,exp1_autoscale,no_action
1763840953,39.99911113086376,0.0048060708263069,0.0,0.0344015748296053,0.1146719160986846,11.46719160986846,exp1_autoscale,no_action
1763840958,39.99911113086375,0.0048060708263069,0.0,0.0344015748296053,0.1146719160986846,11.46719160986846,exp1_autoscale,no_action
1763840963,39.99911113086375,0.0048060708263069,0.0,0.031260737212578,0.10420245737526,10.420245737526,exp1_autoscale,no_action
1763840968,40.00088890864242,0.0048033707865168,0.0,0.0345544128763743,0.1151813762545813,11.518137625458131,exp1_autoscale,no_action
1763840973,40.000888908642416,0.0048033707865168,0.0,0.0343358581948594,0.1144528606495314,11.445286064953141,exp1_autoscale,no_action
1763840978,40.000888908642416,0.0048033707865168,0.0,0.0319856210046467,0.1066187366821558,10.661873668215579,exp1_autoscale,no_action
1763840983,39.99999999999999,0.0048885077186963,0.0,0.030341460930787,0.1011382031026233,10.11382031026233,exp1_autoscale,no_action
1763840988,39.99999999999999,0.0048885077186963,0.0,0.0358167736611131,0.1193892455370439,11.93892455370439,exp1_autoscale,no_action
1763840993,39.99999999999999,0.0048885077186963,0.0,0.0356316613472105,0.1187722044907019,11.87722044907019,exp1_autoscale,no_action
1763840998,39.99999999999999,0.0048885077186963,0.0,0.0359432562999816,0.119810854333272,11.9810854333272,exp1_autoscale,no_action
1763841003,39.99999999999999,0.0048885077186963,0.0,0.0360623168098334,0.1202077226994449,12.020772269944489,exp1_autoscale,no_action
1763841008,39.99999999999999,0.0048885077186963,0.0,0.0319609586115376,0.1065365287051255,10.65365287051255,exp1_autoscale,no_action
1763841013,39.99911113086376,0.0048885077186963,0.0,0.0340641883653729,0.1135472945512432,11.35472945512432,exp1_autoscale,no_action
1763841018,39.99911113086375,0.0048885077186963,0.0,0.0337593899312034,0.112531299770678,11.2531299770678,exp1_autoscale,no_action
1763841023,39.99911113086375,0.0048885077186963,0.0,0.0265843777064044,0.0886145923546816,8.861459235468159,exp1_autoscale,no_action
1763841028,39.99911113086376,0.0048141891891891,0.0,0.0315636425283894,0.1052121417612982,10.52121417612982,exp1_autoscale,no_action
1763841033,39.99911113086375,0.0048141891891891,0.0,0.0320278367094224,0.1067594556980749,10.67594556980749,exp1_autoscale,no_action
1763841038,39.99911113086375,0.0048141891891891,0.0,0.0320595436731877,0.1068651455772926,10.686514557729259,exp1_autoscale,no_action
1763841043,40.00088890864242,0.0048387096774193,0.0,0.0321680158802743,0.1072267196009146,10.722671960091459,exp1_autoscale,no_action
1763841048,40.000888908642416,0.0048387096774193,0.0,0.0311624747466785,0.1038749158222618,10.387491582226179,exp1_autoscale,no_action
1763841053,40.000888908642416,0.0048387096774193,0.0,0.0292953841474712,0.0976512804915709,9.76512804915709,exp1_autoscale,no_action
1763841058,40.00088890864242,0.0048332391181458,0.0,0.0318124355736778,0.1060414519122593,10.60414519122593,exp1_autoscale,no_action
1763841063,40.000888908642416,0.0048332391181458,0.0,0.0316856847312538,0.1056189491041793,10.56189491041793,exp1_autoscale,no_action
1763841068,40.000888908642416,0.0048332391181458,0.0,0.0317303656162162,0.1057678853873875,10.57678853873875,exp1_autoscale,no_action
1763841073,39.99999999999999,0.004808773903262,0.0,0.0295481143899607,0.0984937146332024,9.84937146332024,exp1_autoscale,no_action
1763841078,39.99999999999999,0.004808773903262,0.0,0.0270511505274546,0.0901705017581822,9.01705017581822,exp1_autoscale,no_action
1763841083,39.99999999999999,0.004808773903262,0.0,0.0291573798571872,0.0971912661906241,9.71912661906241,exp1_autoscale,no_action
1763841088,39.99999999999999,0.0048441926345609,0.0,0.0291573798571872,0.0971912661906241,9.71912661906241,exp1_autoscale,no_action
1763841093,39.99999999999999,0.0048441926345609,0.0,0.02940508297881,0.0980169432627002,9.80169432627002,exp1_autoscale,no_action
1763841098,39.99999999999999,0.0048441926345609,0.0,0.0295000097385776,0.0983333657952589,9.833336579525891,exp1_autoscale,no_action
1763841103,39.99999999999999,0.0048441926345609,0.0,0.0295000097385776,0.0983333657952589,9.833336579525891,exp1_autoscale,no_action
1763841108,39.99999999999999,0.0048441926345609,0.0,0.0264217180674975,0.0880723935583253,8.80723935583253,exp1_autoscale,no_action
1763841113,39.99999999999999,0.0048441926345609,0.0,0.028902482854373,0.0963416095145768,9.63416095145768,exp1_autoscale,no_action
1763841118,39.99999999999999,0.0048332391181458,0.0,0.0284787306731466,0.094929102243822,9.4929102243822,exp1_autoscale,no_action
1763841123,39.99999999999999,0.0048332391181458,0.0,0.0277868287957002,0.0926227626523341,9.26227626523341,exp1_autoscale,no_action
1763841128,39.99999999999999,0.0048332391181458,0.0,0.0277868287957002,0.0926227626523341,9.26227626523341,exp1_autoscale,no_action
1763841133,39.99911113086376,0.0047952888390353,0.0,0.0277868287957002,0.0926227626523341,9.26227626523341,exp1_autoscale,no_action
1763841138,39.99911113086375,0.0047952888390353,0.0,0.0266503127595769,0.0888343758652563,8.88343758652563,exp1_autoscale,no_action
1763841143,39.99911113086375,0.0047952888390353,0.0,0.0260500853362983,0.0868336177876612,8.68336177876612,exp1_autoscale,no_action
1763841148,39.79911557520944,0.0047901182432432,0.0,0.0260260535504285,0.0867535118347617,8.67535118347617,exp1_autoscale,no_action
1763841153,39.79911557520944,0.0047901182432432,0.0,0.0215518912238243,0.0718396374127477,7.18396374127477,exp1_autoscale,no_action
1763841158,39.79911557520944,0.0047901182432432,0.0,0.0228792038644297,0.0762640128814323,7.62640128814323,exp1_autoscale,no_action
1763841163,39.4453210071335,0.0047877626348665,0.0,0.0251945504288335,0.0839818347627783,8.398183476277831,exp1_autoscale,no_action
1763841168,39.44532100713349,0.0047877626348665,0.0,0.0251945504288335,0.0839818347627783,8.398183476277831,exp1_autoscale,no_action
1763841173,39.44532100713349,0.0047877626348665,0.0,0.0254051275178123,0.0846837583927077,8.46837583927077,exp1_autoscale,no_action
1763841178,39.44444444444444,0.0047661107970604,0.0,0.0234603220120421,0.0782010733734738,7.82010733734738,exp1_autoscale,no_action
1763841183,39.44444444444444,0.0047661107970604,0.0,0.025255763026808,0.0841858767560269,8.41858767560269,exp1_autoscale,no_action
1763841188,39.44444444444444,0.0047661107970604,0.0,0.025255763026808,0.0841858767560269,8.41858767560269,exp1_autoscale,no_action
1763841193,39.64444444444444,0.0047606741573033,0.0,0.0256728462272076,0.0855761540906921,8.557615409069209,exp1_autoscale,no_action
1763841198,39.64444444444444,0.0047606741573033,0.0,0.0263687368330018,0.0878957894433394,8.78957894433394,exp1_autoscale,no_action
1763841203,39.64444444444444,0.0047606741573033,0.0,0.0263687368330018,0.0878957894433394,8.78957894433394,exp1_autoscale,no_action
1763841208,39.99999999999999,0.0047926008968609,0.0,0.0265759593453719,0.08858653115124,8.858653115124,exp1_autoscale,no_action
1763841213,39.99999999999999,0.0047926008968609,0.0,0.0261785065296639,0.0872616884322132,8.72616884322132,exp1_autoscale,no_action
1763841218,39.99999999999999,0.0047926008968609,0.0,0.0265328093512413,0.0884426978374712,8.844269783747121,exp1_autoscale,no_action
1763841223,40.00088890864242,0.0047872340425531,0.0,0.0267330801346803,0.089110267115601,8.9110267115601,exp1_autoscale,no_action
1763841228,40.000888908642416,0.0047872340425531,0.0,0.0265680470391848,0.0885601567972827,8.85601567972827,exp1_autoscale,no_action
1763841233,40.000888908642416,0.0047872340425531,0.0,0.0265680470391848,0.0885601567972827,8.85601567972827,exp1_autoscale,no_action
1763841238,40.00088890864242,0.0047845551203133,0.0,0.021379607619662,0.0712653587322067,7.12653587322067,exp1_autoscale,no_action
1763841243,40.000888908642416,0.0047845551203133,0.0,0.0260860586907623,0.0869535289692078,8.69535289692078,exp1_autoscale,no_action
1763841248,40.000888908642416,0.0047845551203133,0.0,0.0260860586907623,0.0869535289692078,8.69535289692078,exp1_autoscale,no_action
1763841253,39.99911113086376,0.0047632311977715,0.0,0.0239034167185768,0.0796780557285895,7.967805572858951,exp1_autoscale,no_action
1763841258,39.99911113086375,0.0047632311977715,0.0,0.0265914015738415,0.0886380052461384,8.86380052461384,exp1_autoscale,no_action
1763841263,39.99911113086375,0.0047632311977715,0.0,0.0265914015738415,0.0886380052461384,8.86380052461384,exp1_autoscale,no_action
1763841268,39.99911113086376,0.0047632311977715,0.0,0.0265914015738415,0.0886380052461384,8.86380052461384,exp1_autoscale,no_action
1763841273,39.99911113086375,0.0047632311977715,0.0,0.0268108533244038,0.0893695110813461,8.93695110813461,exp1_autoscale,no_action
1763841278,39.99911113086375,0.0047632311977715,0.0,0.0268108533244038,0.0893695110813461,8.93695110813461,exp1_autoscale,no_action
1763841283,39.99911113086376,0.0047845551203133,0.0,0.0268223849011307,0.0894079496704359,8.94079496704359,exp1_autoscale,no_action
1763841288,39.99911113086375,0.0047845551203133,0.0,0.0244949638282814,0.0816498794276048,8.16498794276048,exp1_autoscale,no_action
1763841293,39.99911113086375,0.0047845551203133,0.0,0.0273973296306252,0.0913244321020842,9.13244321020842,exp1_autoscale,no_action
1763841298,39.99999999999999,0.0048332391181458,0.0,0.0273973296306252,0.0913244321020842,9.13244321020842,exp1_autoscale,no_action
1763841303,39.99999999999999,0.0048332391181458,0.0,0.0277905930749727,0.0926353102499092,9.26353102499092,exp1_autoscale,no_action
1763841308,39.99999999999999,0.0048332391181458,0.0,0.0281578613137955,0.0938595377126516,9.385953771265159,exp1_autoscale,no_action
1763841313,39.99999999999999,0.0048332391181458,0.0,0.0281578613137955,0.0938595377126517,9.38595377126517,exp1_autoscale,no_action
1763841318,39.99999999999999,0.0048332391181458,0.0,0.0288402554086941,0.096134184695647,9.6134184695647,exp1_autoscale,no_action
1763841323,39.99999999999999,0.0048332391181458,0.0,0.0287592116953893,0.0958640389846312,9.58640389846312,exp1_autoscale,no_action
1763841328,39.99999999999999,0.0048579545454545,0.0,0.0285466866164917,0.0951556220549724,9.51556220549724,exp1_autoscale,no_action
1763841333,39.99999999999999,0.0048579545454545,0.0,0.0256513173848141,0.0855043912827139,8.55043912827139,exp1_autoscale,no_action
1763841338,39.99999999999999,0.0048579545454545,0.0,0.0279849661465603,0.0932832204885345,9.328322048853451,exp1_autoscale,no_action
1763841343,40.00088890864242,0.0048006737787759,0.0,0.0279392294532121,0.0931307648440406,9.31307648440406,exp1_autoscale,no_action
1763841348,40.000888908642416,0.0048006737787759,0.0,0.0279392294532121,0.0931307648440406,9.31307648440406,exp1_autoscale,no_action
1763841353,40.000888908642416,0.0048006737787759,0.0,0.025786062504915,0.0859535416830502,8.59535416830502,exp1_autoscale,no_action
1763841358,39.99999999999999,0.0048060708263069,0.0,0.0275395804120882,0.0917986013736274,9.17986013736274,exp1_autoscale,no_action
1763841363,39.99999999999999,0.0048060708263069,0.0,0.0275395804120882,0.0917986013736274,9.17986013736274,exp1_autoscale,no_action
1763841368,39.99999999999999,0.0048060708263069,0.0,0.0251595252278127,0.0838650840927092,8.386508409270919,exp1_autoscale,no_action
1763841373,39.99999999999999,0.0047818791946308,0.0,0.0279421853874871,0.0931406179582903,9.31406179582903,exp1_autoscale,no_action
1763841378,39.99999999999999,0.0047818791946308,0.0,0.0279062231715175,0.0930207439050584,9.30207439050584,exp1_autoscale,no_action
1763841383,39.99999999999999,0.0047818791946308,0.0,0.0278565509620669,0.0928551698735564,9.28551698735564,exp1_autoscale,no_action
1763841388,39.99911113086376,0.0047872340425531,0.0,0.027942857557164,0.0931428585238801,9.31428585238801,exp1_autoscale,no_action
1763841393,39.99911113086375,0.0047872340425531,0.0,0.0279678973584539,0.0932263245281797,9.32263245281797,exp1_autoscale,no_action
1763841398,39.99911113086375,0.0047872340425531,0.0,0.0232682117089375,0.0775607056964586,7.7560705696458605,exp1_autoscale,no_action
1763841403,39.99999999999999,0.0047979797979797,0.0,0.0281558048890316,0.0938526829634388,9.38526829634388,exp1_autoscale,no_action
1763841408,39.99999999999999,0.0047979797979797,0.0,0.0281558048890316,0.0938526829634388,9.38526829634388,exp1_autoscale,no_action
1763841413,39.99999999999999,0.0047979797979797,0.0,0.0288396253727151,0.0961320845757172,9.61320845757172,exp1_autoscale,no_action
1763841418,40.00088890864242,0.0048717948717948,0.0,0.0291458437531682,0.0971528125105607,9.71528125105607,exp1_autoscale,no_action
1763841423,40.000888908642416,0.0048717948717948,0.0,0.0269924999339604,0.0899749997798681,8.99749997798681,exp1_autoscale,no_action
1763841428,40.000888908642416,0.0048717948717948,0.0,0.02922217480071,0.0974072493357001,9.740724933570009,exp1_autoscale,no_action
1763841433,40.00088890864242,0.004877353108956,0.0,0.0296613157263581,0.0988710524211939,9.88710524211939,exp1_autoscale,no_action
1763841438,40.000888908642416,0.004877353108956,0.0,0.0298069492457798,0.0993564974859329,9.935649748593288,exp1_autoscale,no_action
1763841443,40.000888908642416,0.004877353108956,0.0,0.0273949937356532,0.0913166457855108,9.13166457855108,exp1_autoscale,no_action
1763841448,40.00088890864242,0.00486624928856,0.0,0.0301000694617419,0.100333564872473,10.0333564872473,exp1_autoscale,no_action
1763841453,40.000888908642416,0.00486624928856,0.0,0.0301000694617419,0.100333564872473,10.0333564872473,exp1_autoscale,no_action
1763841458,40.000888908642416,0.00486624928856,0.0,0.0289787345846227,0.0965957819487424,9.65957819487424,exp1_autoscale,no_action
1763841463,39.710228661585305,0.0048228693181818,0.0,0.0284650343499398,0.0948834478331328,9.488344783313279,exp1_autoscale,no_action
1763841468,39.7102286615853,0.0048228693181818,0.0,0.0285996026232414,0.095332008744138,9.533200874413799,exp1_autoscale,no_action
1763841473,39.7102286615853,0.0048228693181818,0.0,0.028571833085921,0.0952394436197367,9.52394436197367,exp1_autoscale,no_action
1763841478,39.44356792071288,0.004812357305936,0.0,0.0284508085347495,0.094836028449165,9.4836028449165,exp1_autoscale,no_action
1763841483,39.44356792071287,0.004812357305936,0.0,0.0284508085347495,0.094836028449165,9.4836028449165,exp1_autoscale,no_action
